"DateTime","Etage:Humidity","Etage:Temperature","Etage:Temperature_min","Carnozet:Humidity","Carnozet:Temperature","Carnozet:Temperature_min","Veranda:Humidity","Veranda:Temperature","Veranda:Temperature_min","Chambre Leif:Humidity","Chambre Leif:Temperature","Chambre Leif:Temperature_min","Combles:Humidity","Combles:Temperature","Combles:Temperature_min","Dehors:Humidity","Dehors:Temperature","Dehors:Temperature_min","Salon:Humidity","Salon:Temperature","Salon:Temperature_min","Rangement sud:Humidity","Rangement sud:Temperature","Rangement sud:Temperature_min","Rangement Nord:Humidity","Rangement Nord:Temperature","Rangement Nord:Temperature_min","extra:Humidity","extra:Temperature","extra:Temperature_min"
"2016-10-11 00:00:00",43,22.3,21.9,43,22.7,19.9,53,25.1,19.1,47,22.7,22.1,52,14.1,9
"2016-10-12 00:00:00",45,22.6,21.5,43,20.4,19.4,57,25.1,16.5,54,22.7,21.9,65,19.5,5.4
"2016-10-13 00:00:00",45,22.4,21.7,45,20.4,19.5,62,20.5,17.4,55,22.4,21.9,63,12.1,9.1
"2016-10-14 00:00:00",44,22.5,21.5,45,20.2,19.7,66,18.7,16.5,58,23.1,21.9,66,12.3,9.9
"2016-10-15 00:00:00",48,22.5,21.5,46,20.4,19.6,69,25.1,16.3,57,23.2,21.7,69,27.3,10.2
"2016-10-16 00:00:00",45,22.4,21.7,47,20.2,19.6,63,23.4,17.1,59,23.1,22.1,63,21.8,9.9
"2016-10-17 00:00:00",50,22.3,21.6,49,20.2,19.7,68,19.4,17.7,61,23,22.1,61,15.4,12.5
"2016-10-18 00:00:00",46,22.1,21.6,49,20.1,19.7,71,23.6,17.3,59,23.6,22.2,67,22.9,12.5
"2016-10-19 00:00:00",47,22.2,21.5,47,20.1,19.5,72,20.2,17.1,58,23.2,22.1,65,15.2,10
"2016-10-20 00:00:00",49,22.7,21.5,45,20.4,19.4,68,24.3,16.2,58,23.1,22.1,71,24,7.6
"2016-10-21 00:00:00",45,22.4,21.7,44,20.2,19.4,59,22.9,16.5,60,23.5,22.4,68,20.4,8.3
"2016-10-22 00:00:00",44,22.7,21.6,43,20.4,19.3,59,24,15.5,56,23.5,21.9,71,22.4,4.7
"2016-10-23 00:00:00",43,22.5,21.8,44,20.3,19.5,61,19.5,16.7,57,23.2,22,66,12.1,8.7
"2016-10-24 00:00:00",44,22.4,21.7,46,20.3,19.5,64,21.4,16.1,58,22.7,22.1,70,19.3,9.5
"2016-10-25 00:00:00",47,22.4,21.7,48,20.1,19.7,70,19,17.6,59,22.9,22.1,68,15.4,13.9
"2016-10-26 00:00:00",52,22.1,21.6,49,20.2,19.7,72,22.7,17.4,59,23.3,22.2,70,22.4,14.1
"2016-10-27 00:00:00",49,22.3,21.5,48,20.2,19.6,73,25.4,17.1,60,23,22.3,68,18.8,11.9
"2016-10-28 00:00:00",46,22.7,21.5,47,20.3,19.4,67,23.8,16.7,58,23.8,22.2,72,23.4,7.1
"2016-10-29 00:00:00",45,22.6,21.7,46,20.3,19.5,66,24.5,17.1,58,23.2,22.1,69,20.3,9.4
"2016-10-30 00:00:00",45,22.6,21.7,47,20.4,19.5,69,23,17.3,60,24.4,22.2,70,21.5,10.8
"2016-10-31 00:00:00",44,22.5,21.7,45,20.2,19.4,63,19.6,15.9,57,23.3,22.4,71,13,7.2
"2016-11-01 00:00:00",43,22.5,21.7,45,20.3,19.5,66,21.8,16.2,58,23,22.3,73,17.2,9.3
"2016-11-02 00:00:00",47,22.6,21.6,46,20.2,19.5,65,23.4,15.8,56,22.7,22.2,75,22.1,8.1
"2016-11-03 00:00:00",47,22.6,21.6,45,20.3,19.5,66,23.5,17,57,22.9,22.1,68,19.1,8.7
"2016-11-04 00:00:00",44,22.3,21.4,44,20.2,19.3,61,22.7,15.3,55,22.9,22,75,17.8,4.3
"2016-11-05 00:00:00",44,22.4,21.4,46,20.1,19.5,67,19.4,17.3,56,22.4,21.9,71,14.6,11.3
"2016-11-06 00:00:00",44,22.3,21.4,45,20.1,19.3,70,20.7,15.5,55,22.4,21.6,76,13.5,6.8
"2016-11-07 00:00:00",43,22.1,21.2,41,20.1,19.1,60,19.8,14.8,56,21.8,21.3,76,10.7,4
"2016-11-08 00:00:00",43,22.2,21.6,38,20.3,19.9,53,19.2,16.8,56,21.7,21.2,78,6.7,2.6
"2016-11-09 00:00:00",40,22.1,21.6,38,20.4,20,49,17.7,16.6,55,21.7,21,78,5.3,2
"2016-11-10 00:00:00",48,22.1,21.5,40,20.3,19.9,57,18.2,16.2,52,22.1,21.1,78,7.5,5.4
"2016-11-11 00:00:00",43,22.1,21.2,39,20.1,19.3,60,19.3,14.7,60,22.9,21.5,81,10.8,5.8
"2016-11-12 00:00:00",40,22.2,21.8,38,20.3,19.9,54,22.6,16.6,56,23.2,21.7,83,15.8,3.5
"2016-11-13 00:00:00",39,22.3,21.8,37,20.3,19.9,50,20.1,16.9,55,23.3,22,79,10.6,5.8
"2016-11-14 00:00:00",43,22.2,21.3,37,20.2,19.2,55,18.7,14.9,55,23.2,21.8,80,9.4,6.1
"2016-11-15 00:00:00",39,22.1,21.2,36,20.1,19.1,54,21.8,14.4,52,23.1,21.9,84,16.8,4.3
"2016-11-16 00:00:00",39,22.3,21.8,37,20.2,19.8,52,21.1,17.2,52,22.8,21.8,80,13.1,4.2
"2016-11-17 00:00:00",44,22.3,21.4,39,20,19.2,57,22.2,15.3,52,22.8,21.7,82,19.2,7.5
"2016-11-18 00:00:00",42,22.1,21.4,43,19.9,19.3,61,18.1,16.5,54,23.4,21.9,77,11.8,10.9
"2016-11-19 00:00:00",42,22.1,21.3,42,20,19.2,65,20.7,15.6,54,23.2,21.5,78,12.8,6.6
"2016-11-20 00:00:00",40,22.9,21.7,40,20,19.6,57,22.4,17.1,52,23.4,21.8,80,17.4,4.9
"2016-11-21 00:00:00",43,22.4,21.4,41,20,19,58,18.4,15.4,54,23.4,21.5,76,10.2,7.1
"2016-11-22 00:00:00",41,22.2,21.4,43,19.9,19.2,63,18.7,15.7,57,23,22,78,12.6,9.4
"2016-11-23 00:00:00",42,22.2,21.3,41,19.7,19.1,64,18.5,15,55,23.1,21.8,80,11.4,8
"2016-11-24 00:00:00",42,22.1,21.3,44,19.9,19,64,18.6,14.9,52,23,21.8,81,11.1,8
"2016-11-25 00:00:00",42,22.3,21.1,44,19.9,18.9,63,18.2,14.5,56,22.9,22,82,10.4,7,78,25.6,8.1
"2016-11-26 00:00:00",42,22.3,21.4,43,19.9,19,62,19,15.1,56,23.1,21.9,83,11.7,8,82,10,6.8
"2016-11-27 00:00:00",39,22.3,21.3,39,20.1,19,61,20,15.1,50,23,21.9,81,13.5,8.2,77,9.3,6.6
"2016-11-28 00:00:00",38,22.3,21.3,37,19.8,19,64,18.9,15.2,46,22.2,21.3,75,9.1,3.9,63,7.7,2.2
"2016-11-29 00:00:00",37,22.4,21.8,35,20.1,19.6,54,19.2,17.1,45,21.7,21.1,75,6.7,3.4,62,4.1,0.6
"2016-11-30 00:00:00",36,22.4,21.8,34,20.3,19.8,47,21.3,16.7,45,21.9,21.2,79,10.2,0.6,70,4.1,-0.5
"2016-12-01 00:00:00",36,22.4,21.9,34,20.2,20,47,21.3,17.7,43,22.2,21.3,80,10.5,3.1,76,5,1.1
"2016-12-02 00:00:00",35,22.4,21.9,33,20.3,19.9,46,22,17.2,41,21.9,21.3,80,9,2.1,70,5.8,-0.1
"2016-12-03 00:00:00",35,22.3,21.8,33,20.3,19.9,47,19.1,17.7,41,22.1,21.2,82,7.5,4.1,67,5.5,3.5
"2016-12-04 00:00:00",35,22.3,21.9,33,20.4,19.9,46,20.1,17.4,46,22.5,21.2,82,9.1,4.5,70,4.8,2.5,48,23.3,21.9
"2016-12-05 00:00:00",34,22.5,22,33,20.4,20,45,20.3,17.7,43,22.1,21.4,83,9.8,4.3,74,5,2.5
"2016-12-06 00:00:00",40,22.6,19.5,33,20.4,20,43,22.7,17.6,42,22.3,21.6,83,11.9,4.8,77,5.7,2.6
"2016-12-07 00:00:00",53,20.3,19.9,33,20.3,20,42,22.6,22.2,43,22.3,21.6,83,8.6,5.1,78,5.3,1.9
"2016-12-08 00:00:00",65,20.8,19.2,33,20.4,20,42,22.5,17.5,44,22.6,21.4,84,6.3,3.7,79,3.4,0.4
"2016-12-09 00:00:00",49,22.4,19.1,33,20.5,20.1,41,19,17.4,41,22.5,21.3,85,4.4,2.8,81,2.2,-0.4,45,21.7,15.7
"2016-12-10 00:00:00",34,22.8,22,33,20.3,20,41,19,17.3,40,22.2,21.2,86,5.4,3.1,82,1.9,-0.6,45,22.5,21.9
"2016-12-11 00:00:00",34,22.2,21.8,33,20.4,20,41,19.5,17.3,41,21.8,21.1,87,6.5,3.2,82,3.3,0,45,22.4,22
"2016-12-12 00:00:00",34,22.2,21.8,33,20.1,20,42,21.9,17.4,39,21.9,21.1,86,11.5,3.5,83,5.5,1,44,22.4,21.9
"2016-12-13 00:00:00",33,22.3,22,33,20.3,19.9,44,20.1,17.3,39,22.3,21.4,85,7.7,3.3,81,4.6,0.6,44,22.4,22
"2016-12-14 00:00:00",33,22.2,21.9,33,20.2,19.9,46,20,17.3,40,22.3,21.2,86,5.9,3.4,83,3.3,0.8,44,22.5,22
"2016-12-15 00:00:00",34,22.1,21.9,33,20.4,19.9,53,18.8,17.4,39,22.2,21.3,87,5.5,3.5,83,2.8,1,44,22.5,22
"2016-12-16 00:00:00",34,22.3,21.7,33,20.1,19.9,52,19.4,17.4,40,22.6,21.3,88,7,4,79,4.2,1.7,44,22.8,22
"2016-12-17 00:00:00",34,22.4,21,33,20,19.8,52,18.7,17.4,44,22.4,21.1,88,6.6,4.3,77,4.2,2.4,45,22.8,22.1
"2016-12-18 00:00:00",36,22.4,22,32,20,19.8,52,19.4,17.3,45,21.5,21.1,88,7.6,4,77,3.9,2.1,45,22.9,22.2
"2016-12-19 00:00:00",37,22.4,21.7,33,20,19.8,52,18.1,17.3,47,22.1,21,88,5.4,3.7,79,3.8,2.5,45,23,22.2
"2016-12-20 00:00:00",36,22.4,21.6,32,20,19.8,52,18.8,17.1,47,22.4,21.5,89,6.1,3,78,4.3,1.9,46,23.2,22.4
"2016-12-21 00:00:00",41,22.5,21.7,32,20,19.8,54,21.7,17.2,49,22.7,21.4,90,7,4.2,78,4.8,2.2,49,23.3,22.3
"2016-12-22 00:00:00",41,22.6,22.1,32,20,19.8,53,18.5,17.6,47,23.1,21.6,90,5.9,4.4,80,3.6,2.1,50,23,22.5
"2016-12-23 00:00:00",35,22.5,21.4,32,20.1,19.9,53,18.7,17.4,50,23,21.9,91,7.5,4.8,84,5.3,2.9,48,22.8,22.4
"2016-12-24 00:00:00",36,22.6,22.2,33,20,19.8,55,19.9,17.2,50,23.5,21.8,91,10.1,4.4,82,8.1,2.7,47,22.9,22.2
"2016-12-25 00:00:00",37,22.5,21.5,33,19.9,19.1,60,20.7,15,46,23.3,22.2,90,12.5,6.7,77,9.3,4.1,47,22.6,21.7
"2016-12-26 00:00:00",35,22.3,21.5,33,19.8,18.9,58,20.7,14.4,42,22.8,21.8,88,12.7,3.6,78,7.5,1.9,47,22.4,21.6
"2016-12-27 00:00:00",34,22.4,22.1,33,19.9,19.6,56,22.4,17,35,22.2,21.6,87,9.8,3.4,70,7.4,1.4,46,22.3,22.1
"2016-12-28 00:00:00",33,22.4,21.7,32,20.1,19.6,53,22.4,17,36,23.1,21.5,87,10.5,2.3,65,5.2,0.2,45,22.5,22.1
"2016-12-29 00:00:00",36,21.7,21.4,32,20.2,19.7,49,20,17.2,41,22.3,21.2,87,4.7,0.7,69,2.8,-1.1,45,22.5,22
"2016-12-30 00:00:00",34,21.3,21,32,20.2,19.8,46,18.9,16.9,42,22.6,21,88,2.9,-1.1,75,2.1,-2,44,22.3,21.9
"2016-12-31 00:00:00",35,21.2,20.9,32,20,19.8,47,18.3,17.3,43,22.4,21.2,91,3.8,2.7,80,1.8,0.5,43,22.7,21.8
"2017-01-01 00:00:00",33,21.3,21.1,32,20,19.7,46,18.7,17.1,42,22.1,21.2,92,4.3,2.6,79,1.5,-0.6,43,22.7,22
"2017-01-02 00:00:00",33,21.3,21.1,32,20,19.7,45,18.9,17.2,44,21.7,20.6,92,4.5,2.6,83,2.1,-1,42,22.4,21.9
"2017-01-03 00:00:00",34,21.4,20.6,31,20.2,19.7,47,22.1,16.9,41,21.8,20.9,91,6.2,1.7,69,2.9,-1.2,42,22.5,21.9
"2017-01-04 00:00:00",34,21.1,20.3,30,20,19.8,44,19.1,17,39,22.2,20.9,90,3.5,-0.4,69,3.4,-2.1,42,22.4,22.1
"2017-01-05 00:00:00",34,21.6,21,31,20.2,19.7,45,22,16.8,39,22.1,20.8,91,4,1.1,60,3.9,-1.4,42,22.5,22
"2017-01-06 00:00:00",34,21.4,21,29,20.1,19.8,47,21,16.7,39,22.9,21.5,86,1.1,-2.5,55,-1.3,-5.1,42,22.6,22
"2017-01-07 00:00:00",34,21,20.7,28,20.5,19.9,41,20.9,16.7,41,22.1,21.3,87,2.8,-5.4,59,-0.2,-6.5,41,22.3,21.8
"2017-01-08 00:00:00",33,21,20.7,29,20.2,19.8,42,20.3,17.2,38,22.4,21.7,91,6,1.9,66,3.9,-0.4,41,22.2,21.8
"2017-01-09 00:00:00",33,21,20.8,29,20.1,19.7,43,18.9,16.6,37,22.5,21.3,91,2.6,-0.6,64,1.9,-1.7,41,22.2,21.8
"2017-01-10 00:00:00",33,21,20.7,29,19.9,19.7,42,18.2,17,37,22.5,21.6,93,2.7,2.1,72,2,-0.6,40,22.2,21.7
"2017-01-11 00:00:00",33,21,20.6,29,20.3,19.7,42,21.2,16.7,37,22.3,21.5,93,4.4,2.1,75,2.8,-2.1,40,22.2,21.7
"2017-01-12 00:00:00",34,21.4,20.6,31,19.9,19.8,43,18.5,16,37,22.5,21.8,93,7,3.6,83,6.1,2.1,41,22.3,21.8
"2017-01-13 00:00:00",33,22,21.2,31,20.2,19.6,43,18.9,16.4,39,23,21.9,92,6,2.7,73,5.7,0,41,22.4,21.8
"2017-01-14 00:00:00",32,22.1,21.7,30,19.9,19.8,42,19.1,16.8,40,23.1,21.8,92,2.8,2.5,74,2.5,-1,41,22.4,21.9
"2017-01-15 00:00:00",32,22.3,21.9,29,20,19.7,40,21.9,16.9,40,23.1,21.9,94,3,2.6,68,2,-4.4,40,22.5,22
"2017-01-16 00:00:00",31,22.2,21.8,29,20.1,19.7,40,21.4,17.3,36,22.7,21.5,93,2.9,-1.6,63,-0.4,-3.1,39,22.5,22,41,25.1,15.1,36,23.4,17.8
"2017-01-17 00:00:00",29,21.9,21.5,28,19.9,19.4,40,22,16.9,34,21.5,20.8,89,-0.9,-2.6,58,-2,-3.8,37,22.9,21.9,45,15.2,14.7,36,17.7,15.7,35,22.9,21.6
"2017-01-18 00:00:00",29,21.9,21.6,27,20.2,19.4,39,20.1,17.5,34,22.1,20.9,87,-1,-2.8,58,-2.5,-4,36,22.1,21.7,45,14.7,14.3,36,16.1,15.7,35,22,21.6
"2017-01-19 00:00:00",31,21.9,21.6,27,19.9,19.6,40,19.9,17.5,34,21.8,21.4,88,0.7,-2,62,-1.5,-3.5,38,22.2,21.8,45,14.4,14.2,36,17.1,16.1,36,22.1,21.6
"2017-01-20 00:00:00",30,22.1,21.7,27,19.9,19.6,38,19.3,17.5,33,22.1,21.4,90,1.6,-1.4,67,-0.8,-3.7,37,22.2,21.9,42,14.3,14.1,36,17.8,17.1,35,22.2,21.6
"2017-01-21 00:00:00",29,22.3,21.9,27,19.8,19.6,37,20.2,17.5,33,23.4,22.2,92,2.6,0.1,71,-0.1,-3,37,22.4,21.9,40,14.5,14.2,36,18.4,17.8,35,22.2,21.7
"2017-01-22 00:00:00",29,22.1,21.7,27,20.2,19.7,36,19.9,17.6,36,23.2,22.5,93,2.6,0.8,72,-0.5,-3,36,22.4,22,40,14.6,14.5,36,18.5,18.3,34,22.3,21.8
"2017-01-23 00:00:00",29,21.9,21.8,27,19.8,19.7,36,19.9,17.5,35,23.3,22.5,94,3.8,1.6,72,0.3,-3.6,35,22.5,22,39,14.8,14.6,36,18.5,18.3,34,22.4,21.8
"2017-01-24 00:00:00",29,21.9,21.6,26,20.2,19.6,35,21.7,16.9,34,23.3,21.9,92,4,-3,66,-1.3,-6.1,36,22.4,22,39,14.7,14.2,36,18.4,18,34,22.2,21.8
"2017-01-25 00:00:00",29,21.9,21.7,26,20,19.8,35,19.9,17.9,32,23.1,22.3,90,0.5,-2,66,-1.8,-4.4,36,22.5,22,40,14.5,14.3,36,18,17.7,34,22.4,21.8
"2017-01-26 00:00:00",29,22,21.7,26,19.9,19.7,35,20.1,17.9,33,22.9,22.3,91,1.6,-1.6,67,-1.1,-4.4,35,22.5,22,39,14.4,14.2,36,18.3,17.9,34,22.3,21.8
"2017-01-27 00:00:00",28,21.9,21.7,26,20,19.6,35,19.6,17.9,32,22.9,22.3,94,2.9,0.6,71,0.1,-2.5,34,22.3,22,38,14.6,14.2,36,18.4,18.2,33,22.3,21.8
"2017-01-28 00:00:00",28,22.1,21.8,27,20,19.6,36,20.8,17.5,32,23.6,22.4,94,7.6,1.5,73,3.7,-1.2,34,22.4,22,38,15.1,14.5,36,18.7,18.4,34,22.4,21.7
"2017-01-29 00:00:00",28,22.4,22,28,19.8,19.5,36,22,17.7,33,23.9,23,94,11.7,3.6,78,5.4,1.2,36,22.8,22.1,38,16.1,15.1,36,19.2,18.7,34,22.6,21.9
"2017-01-30 00:00:00",29,22.3,22.2,28,19.6,19.4,37,19.1,17.6,36,23.9,22.7,93,6.2,3.5,82,5,0.5,36,22.8,22.3,38,16.1,15.8,37,19.6,19.1,34,22.6,22.1
"2017-01-31 00:00:00",31,22.5,22.2,30,19.7,19.4,39,18.5,17.5,37,24.1,23.1,94,8.5,6.1,91,7.5,4.5,38,22.8,22.3,38,16.5,16,37,20.2,19.6,36,22.8,22.1
"2017-02-01 00:00:00",31,22.5,20.9,31,20,18.8,44,23.4,15.4,37,23.8,22.7,92,19.2,6.6,84,11,4.6,39,22.5,21.6,38,17.4,16.4,37,20.2,20.1,37,22.3,21.5
"2017-02-02 00:00:00",32,22.5,21.5,33,20.1,18.7,44,21.1,15.2,36,23.9,22.7,90,13.2,5.3,83,8.2,3,40,22.5,21.4,40,17.4,16.8,37,20.2,19.7,38,22.3,21.3
"2017-02-03 00:00:00",32,22.4,21.4,33,19.3,18.6,45,23.5,15.6,36,23.4,22.7,89,15.7,7.2,83,10,5.1,40,22.4,21.5,40,17.2,16.8,37,20.1,19.9,38,22.3,21.3
"2017-02-04 00:00:00",32,22.4,21.3,33,19.6,18.4,45,18.1,15.2,36,24.2,22.4,88,8.5,4.6,78,7.7,3.1,39,22.2,21.4,39,17.2,16.3,38,20,19.7,38,22,21.3
"2017-02-05 00:00:00",31,22.5,22.1,33,19.4,19.2,44,17.9,16.5,37,23.9,22.6,88,5.1,3.3,80,3.8,1.9,40,22.6,22,39,16.3,15.8,38,19.8,19.6,37,22.5,21.8
"2017-02-06 00:00:00",32,22.7,22.3,33,19.9,19.3,44,20.2,17,36,23.8,22.8,90,9.8,4.1,83,6.2,2.6,40,22.7,22.2,40,16.2,15.7,38,20.1,19.7,38,22.6,22
"2017-02-07 00:00:00",32,22.6,21.6,33,19.6,18.6,45,18.3,14.9,36,23.6,22.5,90,8.1,5.1,83,6,3.3,40,22.5,21.7,40,16.3,15.9,38,20,19.8,38,22.3,21.5
"2017-02-08 00:00:00",32,22.6,21.6,33,19.5,18.5,46,18.1,14.7,37,23.4,22.6,91,8.6,6.2,83,6.6,4.5,41,22.7,21.6,41,16.4,15.9,38,20.3,19.8,39,22.5,21.4
"2017-02-09 00:00:00",32,22.6,21.6,33,19.4,18.4,47,19.1,14.4,36,23.1,22.2,90,8.5,4.2,68,4.8,2.8,41,22.4,21.6,43,16.3,15.9,39,20.2,19.4,40,22.4,21.4
"2017-02-10 00:00:00",32,22.7,22.4,33,19.8,19.2,44,18.6,17,37,23.5,22.8,90,7.8,4,76,5,1.9,40,22.7,22.2,42,16.2,15.8,39,19.8,19.6,38,22.6,22
"2017-02-11 00:00:00",31,23,22.5,33,19.6,19.3,44,20.8,17.3,38,23.9,23.1,91,11.5,5.5,75,6.8,4,40,22.9,22.3,41,16.6,16,39,20.2,19.8,38,22.7,22.1
"2017-02-12 00:00:00",31,22.9,22,33,19.8,18.6,45,22.4,15.2,41,24.8,22.8,89,14.4,5.4,74,8,3.2,39,22.7,21.9,42,17,16.2,39,20.2,19.9,37,22.5,21.7
"2017-02-13 00:00:00",31,22.8,22.5,33,19.6,19.4,44,19.5,17.2,39,23.6,22.9,88,7.6,3.8,75,4.3,2.2,39,22.8,22.4,41,17.1,16.4,39,20.2,19.9,37,22.7,22.2
"2017-02-14 00:00:00",31,23.1,22.5,32,20,19.5,43,24.3,17.3,37,23.7,22.9,88,16.5,3.4,74,7,1.7,39,23,22.5,41,17.2,16.1,39,20,19.7,37,22.8,22.3
"2017-02-15 00:00:00",31,23.1,22.7,32,20.2,19.6,47,25.7,17.9,38,23.7,23,85,17.7,4,75,7.9,1.3,40,23.2,22.7,41,17.8,16.7,39,20.1,19.9,39,23,22.5
"2017-02-16 00:00:00",31,23,22.5,33,19.9,19,46,25.7,16.5,35,24.2,22.8,84,19.7,4.6,72,9.6,2,39,23,22.3,42,18,17.2,39,20.1,19.9,37,22.9,22.1
"2017-02-17 00:00:00",31,22.8,22.1,33,19.4,18.7,45,20.2,16.2,36,24.1,22.7,83,10.9,6,76,8.2,3.5,39,22.8,21.9,41,18,17.4,38,20.2,19.8,37,22.6,21.7
"2017-02-18 00:00:00",31,23,22.6,32,20.1,19.3,43,25.9,17.1,37,23.9,23.3,83,16.1,3.4,73,6.8,1.3,40,23,22.5,41,17.6,16.9,38,20.1,19.8,38,22.7,22.3
"2017-02-19 00:00:00",31,23,22.7,32,19.9,19.5,41,26.8,18.1,37,24.5,23,81,19,3.2,70,9.6,0.2,40,23.2,22.5,40,17.8,17,38,20,19.7,38,23,22.3
"2017-02-20 00:00:00",31,23,22.6,32,20,19.5,40,26.7,18.7,38,24,23.1,80,18.3,4,65,9.6,0.6,40,23,22.6,41,18.2,17.3,39,20.3,19.8,38,22.8,22.4
"2017-02-21 00:00:00",32,22.8,22.3,32,19.7,18.9,42,20.6,17.9,38,24,22.7,80,14.4,9.5,74,12.2,7,40,22.8,22.2,41,18.2,18,39,20.8,20.2,38,22.6,22
"2017-02-22 00:00:00",31,22.6,21.9,33,19.8,18.8,47,26.6,16.6,36,23.1,19.9,78,20.9,9.1,71,14.3,7.4,40,22.5,21.9,41,18.6,17.9,39,20.8,20.5,38,22.5,21.7
"2017-02-23 00:00:00",30,22.3,21.5,33,19.7,18.6,44,26.3,16.7,34,22.2,20.1,69,19.7,7.8,53,17.6,6.4,39,22.2,21.5,39,18.8,18.2,38,20.5,20.2,37,22.1,20.3
"2017-02-24 00:00:00",31,22.2,21.1,33,19.6,18.5,42,24.2,17.7,35,22.4,20.4,65,13.7,7.2,52,11.2,4.5,39,22.1,21.2,39,18.9,18.2,38,20.5,19.9,39,21.6,20.9
"2017-02-25 00:00:00",31,22.3,21.3,33,19.5,18.3,42,27.5,15.1,36,22.1,20.8,66,19.1,3.6,56,8.3,3.1,40,22.5,21,40,18.2,17.2,38,19.9,19.2,41,21.9,20.7
"2017-02-26 00:00:00",32,22.6,22.2,32,19.6,19.1,40,26.1,18.3,40,22.6,21.1,67,19.3,3.7,58,11.9,1.5,40,22.3,21.9,40,17.9,17.1,38,19.8,19.2,42,22,20.8
"2017-02-27 00:00:00",31,22.5,21.8,32,19.7,18.5,40,27.7,16,37,22.7,21.3,63,19.3,4.9,56,14.8,2.9,40,22.1,21.3,39,18.1,17.2,38,20,19.4,42,21.7,20.8
"2017-02-28 00:00:00",31,22,21.3,33,19.3,18.7,40,19.7,16.7,36,22.5,21.1,63,12.7,6,68,11.2,5,40,22.1,21.3,37,18.1,17,38,20.2,19.9,42,20.9,20.1
"2017-03-01 00:00:00",32,21.8,21,33,19.7,18.4,43,18.5,14.5,38,22.1,20.9,67,7.9,4.3,76,7.7,3,40,21.8,21,37,17,15.9,39,20,19.6,43,20.5,19.7
"2017-03-02 00:00:00",32,22.2,20.8,33,19.5,18.5,45,23.3,14.4,38,23,20.8,70,18,7.2,78,11.2,5,41,22.1,20.8,40,16.9,15.7,39,20,19.5,44,21.7,19.3
"2017-03-03 00:00:00",32,22.2,21.1,33,19.2,18.3,47,21.9,15,38,23,21.3,69,15.5,5.3,73,9.9,4.2,41,22,21,40,16.9,16.4,39,19.9,19.4,43,21.4,20.6
"2017-03-04 00:00:00",32,22.2,21,33,19.5,18.2,48,20.6,15.1,41,22.4,21,69,11.5,5.4,75,10.2,4.4,41,22,20.9,40,16.9,16.4,39,19.8,19.3,44,21.2,20.6
"2017-03-05 00:00:00",32,22.2,20.9,34,19.3,18.2,45,22.3,14.2,40,22.4,20.9,69,12.9,5.5,77,10.2,4.5,42,22.2,20.9,39,16.5,15.9,40,19.8,19.4,44,20.9,20
"2017-03-06 00:00:00",33,22,20.8,34,19,18.1,46,17.3,14.4,41,21.7,20.9,71,7.4,5.9,82,7.1,4.5,42,21.8,20.9,40,16,15.6,41,20.7,19.4,44,21.1,19.7
"2017-03-07 00:00:00",32,22.4,21.8,33,19.6,18.9,45,19.9,16.1,40,22.1,20.8,73,9.8,4,80,7.4,2,42,22.1,21.5,41,15.9,15.5,41,19.8,19.5,44,21.5,20.6
"2017-03-08 00:00:00",33,22.3,21.2,34,19.1,18.2,46,18.4,14.3,41,21.9,20.9,75,8.6,4.6,81,7.4,2.9,42,22.1,21.1,41,15.9,15.6,41,19.7,19.3,45,21.5,20.5
"2017-03-09 00:00:00",34,22.3,21.2,34,19.2,18.2,51,21.9,14.7,43,22.7,21.4,75,18.6,8,84,13.5,6.8,44,22.1,21.1,42,17.1,15.8,42,20.1,19.7,46,21.7,20.4
"2017-03-10 00:00:00",35,22.6,21.4,34,19.4,18.3,52,28.2,15.9,44,22.9,21.7,71,19.3,9.5,67,14,7.8,45,22.3,21.2,43,18.5,17.1,41,20.1,20,47,22.3,21
"2017-03-11 00:00:00",34,22.5,21.4,34,19.6,18.2,45,29.4,16.1,44,23.6,21.8,68,23.3,5.2,59,12.7,3.8,45,22.5,21.3,43,19,17.8,42,20.2,19.6,46,22.5,21.2
"2017-03-12 00:00:00",34,22.5,21.7,34,19.5,18.2,43,25.3,16.9,44,23.3,21.7,67,20.7,7,62,12.5,5.1,45,22.6,21.5,43,19.1,18.2,42,20.2,19.7,46,22.4,21.4
"2017-03-13 00:00:00",34,22.6,21.7,34,19.5,18.2,42,28.5,16.5,43,22.9,21.9,66,24.3,7.3,63,14.3,5.3,44,22.5,21.5,43,19.5,18.4,42,20.1,19.8,46,22.5,21.5
"2017-03-14 00:00:00",34,22.8,21.8,34,19.7,18.2,42,30.2,17.3,43,22.9,22,64,24.6,6.9,57,14.6,5.1,45,22.4,21.6,43,19.9,18.7,42,20.1,19.8,47,22.8,21.7
"2017-03-15 00:00:00",34,22.6,21,34,19.7,18.3,40,29.7,17.7,41,23.1,22,62,23.8,7.2,57,15.7,5.4,45,22.4,21.6,43,20.1,19,42,20.5,19.8,46,22.7,21.6
"2017-03-16 00:00:00",33,22.7,21.8,34,19.9,18.3,40,30.2,18,43,23.2,21.7,61,26.9,7.7,59,14.8,6.1,44,22.5,21.7,43,20.4,19.3,42,20.4,20,45,22.7,21.7
"2017-03-17 00:00:00",34,22.8,21.7,34,19.7,18.4,40,30.8,18.4,42,24.5,22.2,57,26.9,8.5,60,18.9,6.2,44,22.4,21.7,43,20.6,19.6,42,20.6,20,45,22.9,21.8
"2017-03-18 00:00:00",34,22.3,21.8,34,19.1,18.5,42,22.1,19,43,24.2,22.3,57,16.2,10.9,66,13.2,10.1,45,22.5,21.7,42,20.8,19.4,43,20.7,20.6,46,22.6,21.6
"2017-03-19 00:00:00",35,22.4,21.6,35,19.5,18.5,45,27.6,16.9,44,23.6,22.3,61,24.3,10.3,74,15.6,9.6,45,22.3,21.7,42,19.8,18.9,43,21.5,20.4,47,22.8,21.5
"2017-03-20 00:00:00",36,22.7,21.7,35,19.7,18.4,43,29.9,17.7,43,23.6,22.3,57,26.7,9.8,68,17.3,7.9,46,22.6,21.6,43,20.4,19.3,43,21.1,20.6,47,22.8,21.8
"2017-03-21 00:00:00",36,22.5,21.8,35,19.2,18.5,42,23.4,18.8,44,23.4,22.2,55,20.5,10.3,61,15.5,8.9,46,22.4,21.8,43,20.4,19.6,43,21,20.6,48,22.4,21.9
"2017-03-22 00:00:00",37,22.5,21.6,35,19.4,18.5,41,25.7,17.3,47,23.9,22.5,56,21.5,9.8,66,12.3,8.3,47,22.5,21.7,43,19.8,19.1,43,21,20.7,49,22.3,21.7
"2017-03-23 00:00:00",39,22.7,21.7,35,19.5,18.5,43,25.1,17.1,45,23.4,22.3,58,21.9,9,69,14,7,48,22.8,21.7,43,19.3,18.7,44,21,20.5,50,22.5,21.7
"2017-03-24 00:00:00",39,22.5,21.7,35,19.2,18.6,48,20.2,18.1,46,23.8,22.5,59,15.9,11.9,72,13,10,49,22.7,21.8,44,19.3,19,44,21,20.6,51,22.4,21.8
"2017-03-25 00:00:00",37,22.6,21.3,35,19.4,18.5,45,26.2,17,49,23.1,22,56,22.9,9,66,13.3,7.5,48,22.6,21.8,44,19.2,18.4,44,20.6,20.3,50,22.3,21.1
"2017-03-27 00:00:00",38,22.9,21.5,35,20,18.4,42,28.5,16.5,47,23.3,22,56,27.5,6.7,65,15.2,5.3,48,23.1,21.6,44,19.6,18.2,44,20.6,20,51,23.2,21.6
"2017-03-28 00:00:00",38,23.1,21.9,35,20,18.6,39,31.1,18.3,45,23.7,22.3,53,29.6,9.6,62,16.5,7.4,49,22.5,21.8,44,20.5,19.2,45,20.8,20.3,51,23,21.9
"2017-03-29 00:00:00",36,23.2,22,35,20,18.6,40,32,19.6,40,24.6,22.6,51,30,10,57,17.7,7.7,47,22.4,21.9,44,21.2,20,45,20.9,20.5,48,23.3,22.1
"2017-03-30 00:00:00",34,23.2,21.5,35,20,18.6,38,27.9,20,39,23.8,22.5,50,30.1,10.2,58,17.6,7.8,46,23.3,21.7,44,21.4,20.5,44,21,20.5,46,23.5,22.1
"2017-03-31 00:00:00",36,23,22.1,36,19.6,18.7,40,27.5,19.3,41,23.9,22.7,47,26.1,10.5,56,19.7,8.1,47,22.8,22,43,21.5,20.7,44,21.3,20.7,47,23.1,22.2
"2017-04-01 00:00:00",37,22.5,21.9,36,19.3,18.7,43,21.8,19.2,44,23.9,22.6,46,17.9,11.9,57,15.1,10,48,22.5,22,42,21.3,20,44,21.4,21,48,22.6,21.9
"2017-04-02 00:00:00",36,22.4,21.5,36,19.5,18.6,44,23.8,16.7,48,23.5,22.2,50,17.9,9.4,63,15.2,8.7,47,22.2,21.6,43,20,19.1,44,21.2,20.7,48,22.5,21.7
"2017-04-03 00:00:00",37,22.6,21.5,37,19.6,18.7,43,30.5,17.7,47,23.2,22,50,29.6,10.5,65,17.5,9.5,47,22.2,21.5,43,20.3,19.2,44,20.9,20.5,48,22.7,21.7
"2017-04-04 00:00:00",36,22.8,21.7,37,19.7,18.7,44,28.4,19.4,45,23.3,22.2,48,25.2,11,57,17.2,8.9,47,22.2,21.6,43,20.7,19.9,44,21,20.7,47,22.6,21.9
"2017-04-05 00:00:00",36,22.8,21.6,36,19.9,18.7,42,30.1,19.3,43,23.4,22.2,44,18.5,11,50,15.6,9.8,47,22.1,21.5,44,20.8,20.1,43,20.9,20.4,48,22.7,21.9
"2017-04-06 00:00:00",37,22.9,21.5,35,20,18.7,41,27.3,19.5,46,24.8,22.5,45,17.6,8.5,50,14.7,7.8,47,23.1,21.5,45,20.8,20,42,20.5,20,48,23,21.8
"2017-04-07 00:00:00",35,24.3,21.5,35,20.1,18.6,39,31.6,18.7,46,23.9,22,45,28.2,7.9,51,16.2,6.5,46,22.6,21.7,45,20.7,19.7,42,20.5,19.9,46,23.1,21.8
"2017-04-08 00:00:00",35,24.9,21.8,35,20.1,18.6,36,32.5,19.3,44,24.7,22.3,44,31.6,10.1,53,18.4,7.6,46,22.5,21.7,44,21.5,20.2,43,21.1,20.3,46,23.6,22
"2017-04-09 00:00:00",36,25.4,22.1,35,20.1,18.7,39,27.9,19.8,42,25.5,22.9,42,34,10.8,53,20,8.5,47,23.9,21.8,44,22.1,20.9,43,21.5,20.7,48,24.1,22.4
"2017-04-10 00:00:00",36,26,22.8,35,20.1,18.9,38,28.1,19.9,40,24.7,23.2,40,34.9,12.2,49,22.2,9.6,47,24.1,22.4,44,22.6,21.4,43,22,21.1,48,24.1,22.8
"2017-04-11 00:00:00",37,24.9,23,35,20.2,19,37,30.9,20.1,44,25.6,23.5,39,28.7,12.5,53,16.7,9.8,47,23.2,22.7,44,22.5,21.7,44,22,21.6,49,24,23
"2017-04-12 00:00:00",35,24.9,22.5,35,20.4,18.9,35,31.5,19.8,34,25,22,40,32.6,9.2,50,18.1,7.1,46,23.5,22.4,43,22.5,21.2,44,21.9,21.1,47,23.8,22.6
"2017-04-13 00:00:00",34,26.1,22.4,35,20.3,19,35,32.1,19.6,39,26.4,23.1,37,34,10.7,46,19.6,8.7,46,22.9,22.5,43,22.3,21.2,43,22,21.3,45,23.9,22.6
"2017-04-14 00:00:00",34,26.1,22.5,35,20.4,19,37,33.1,20.5,39,26.1,23.2,36,34.1,10.5,50,19.2,8.2,46,22.9,22.3,42,22.5,21.4,43,22.1,21.4,46,24.1,22.7
"2017-04-15 00:00:00",35,24.9,22.5,35,20,19,36,27.3,20.6,41,25.9,23.7,37,24.2,11.4,53,18.4,9.1,46,23,22.3,42,22.5,21.5,43,22,21.4,46,23.5,22.7
"2017-04-16 00:00:00",36,24.9,22.2,35,19.6,19,40,23.9,19.3,40,24.7,23.2,41,18.9,12.3,55,16.2,10.9,47,22.9,22.3,42,21.8,20.7,43,22,21.5,47,22.9,22.3
"2017-04-17 00:00:00",35,25.2,21.9,34,19.7,18.8,38,27.4,17,43,24.3,22.7,42,25,7.2,51,15.7,6.2,46,22.5,22,42,20.7,19.7,43,21.6,20.9,46,22.6,22
"2017-04-18 00:00:00",34,24.2,21.9,34,20.1,18.8,37,27.1,18.7,41,23.8,22.1,39,17,8.7,43,11.7,5.5,46,22.5,21.8,43,20.1,19.5,42,21.3,20.4,46,22.8,22
"2017-04-19 00:00:00",33,25.3,21.5,33,19.8,18.7,37,25.3,17.2,35,22.1,20.8,39,16.1,4.6,47,9.9,3.4,44,22.7,21.6,44,19.8,18.7,40,20.4,19.2,45,22.3,21.6
"2017-04-20 00:00:00",31,23.1,21,32,20.2,18.8,37,25.7,17.2,34,22.9,20.6,40,16.3,2.9,45,10,1.5,41,22.4,21.6,45,19,17.9,37,19.2,18.4,42,22.3,21.3
"2017-04-21 00:00:00",31,24.8,21.1,32,20.4,18.7,32,30.6,16.9,38,22.9,20.7,37,26.4,4.3,37,13.5,3.4,40,22,21.2,43,19.2,17.7,37,19.6,18.6,41,22.7,21.2
"2017-04-22 00:00:00",31,24.9,21.3,32,20.3,18.7,31,31.6,18,38,24.6,21.6,37,30.6,6,40,17.2,3.5,40,22.3,21.4,41,20.1,18.6,38,20.3,19.2,41,23.3,21.5
"2017-04-23 00:00:00",32,23.9,21.6,33,20.3,18.8,33,27.6,19.1,39,25.3,22.2,36,28.3,8.7,47,16.4,6,41,23.5,21.6,41,20.8,19.7,38,20.9,20,42,23.6,21.9
"2017-04-24 00:00:00",31,25.3,22,33,20.4,18.9,32,26.4,18.9,34,24.5,22.3,35,31.9,8.2,45,20.6,5.3,40,23.4,22.1,40,21.1,20.1,38,21.3,20.3,40,23.6,22.2
"2017-04-25 00:00:00",32,22.7,22.2,33,19.8,19.3,36,22.3,18.7,38,24.4,23.1,38,19.6,12.1,66,15.1,10.6,42,22.7,22.2,38,21.2,20,39,21.5,21.2,42,23.1,22
"2017-04-26 00:00:00",34,22.6,21.7,35,19.7,19.1,44,21.5,16.9,40,23.6,22.2,47,17.1,10.1,75,13.6,7.4,45,22.6,21.9,38,20,18.9,39,21.3,20.9,45,22.3,21.8
"2017-04-27 00:00:00",35,22.3,19.7,34,19.7,18.9,43,19.3,15.8,40,23.3,21.4,50,11.9,8,70,7.7,5.3,46,22.2,21.6,39,18.9,17.8,40,21,20.4,46,22,21.2
"2017-04-28 00:00:00",34,22.5,21.3,34,20,18.7,41,23,15.1,40,22.7,21.5,51,19,6.8,66,11.1,4.9,45,22.1,21.3,40,18,17.2,40,20.5,20,45,22.2,20.9
"2017-04-29 00:00:00",32,23.5,21.5,33,20.1,12.2,35,29.6,15.8,41,24.6,21.2,49,27.5,4.6,57,12.9,2.8,43,22,21.4,40,18.9,17.2,39,20.5,19.8,44,23,21.2
"2017-04-30 00:00:00",32,23.4,21.6,34,19.7,18.7,34,27.6,17.5,40,23.7,22.1,45,27.5,7.3,55,16,4.7,43,22.2,21.5,41,19.8,18.5,40,21,20.1,44,22.5,21.5
"2017-05-01 00:00:00",33,22.4,21.7,34,19.9,18.7,36,24,18.9,38,23.6,22.1,47,19.5,9.2,69,12.1,6.5,44,22.3,21.6,42,19.8,18.9,40,21.1,20.6,44,22.1,21.5
"2017-05-02 00:00:00",33,22.2,21.6,34,19.5,18.7,39,20.7,16.4,39,22.9,21.7,51,13.7,7.3,76,10.5,5.6,44,22.1,21.5,40,19,18,40,20.9,20.3,45,21.8,21.3
"2017-05-03 00:00:00",33,22,21.3,35,19.8,18.7,41,24.8,16,37,22.8,21.7,51,24.3,8.5,72,15.2,7.6,44,21.8,21.3,40,18.7,17.6,40,20.7,20.2,43,22,20.8
"2017-05-04 00:00:00",34,22.1,21.2,35,19.6,18.7,42,22.3,17.5,39,22.9,21.6,49,17.7,10.7,77,12.3,8.2,45,21.8,21.2,40,18.7,18.2,40,20.8,20.3,44,21.9,20.9
"2017-05-05 00:00:00",34,22.2,21.1,35,20.1,18.7,41,29.4,16.5,39,23.8,21.6,49,30.7,9.5,69,17,7.4,45,21.8,21.2,40,19.7,18,40,20.9,20.2,44,22.8,20.8
"2017-05-06 00:00:00",34,21.9,21.4,36,19.3,18.8,43,22.2,19.1,39,23.6,22,48,19.4,12.5,78,14.1,10.6,45,21.9,21.3,40,19.9,19.3,40,20.9,20.6,44,21.9,21.2
"2017-05-07 00:00:00",34,21.7,21.1,37,19.2,18.7,47,20.6,17,40,23,21.8,55,17.4,11,81,14.7,9.6,45,21.7,21.2,40,19.3,18.6,41,20.7,20.5,45,21.4,20.7
"2017-05-08 00:00:00",34,22,20.9,37,19.7,18.6,45,25.7,16.8,41,23.7,21.9,52,25.4,10.9,69,15.5,9.5,45,21.5,21,41,19.3,18.3,41,20.9,20.4,44,22.1,20.6
"2017-05-09 00:00:00",34,22.4,21.1,37,20.1,18.7,41,28.3,18.5,39,24.3,22.1,46,25.6,11.5,58,14.8,9.3,45,22,21.1,42,20.1,19.1,41,20.9,20.4,45,23.1,21.3
"2017-05-10 00:00:00",34,23.9,21.4,36,19.8,18.7,38,28.6,18.2,42,23.6,22.7,45,31.8,8.3,59,18.3,6.4,45,22.8,21.4,42,20.5,19.4,41,21.3,20.3,46,22.9,21.7
"2017-05-11 00:00:00",38,22.4,21.9,38,19.4,19,46,22.1,19.2,43,23.7,22.5,46,20.9,14.2,78,17,11.9,48,22.2,21.8,42,20.7,20.2,41,21.4,21.1,49,22.7,21.9
"2017-05-12 00:00:00",39,22.1,21.5,40,19.5,18.8,52,23.9,18.1,43,23.5,22.3,50,22.8,13.2,81,16.8,12,49,22,21.5,42,20.3,19.6,42,21.3,21.1,50,22.1,21.6
"2017-09-07 00:00:00",34,23.6,22.5,52,21.4,21.1,36,24.1,21.1,35,25.3,23.4,35,27.2,18.9,48,20.7,15.5,48,23.7,23.1,47,23.1,22.9,45,23.5,23.2,45,23.5,23.1
"2017-09-08 00:00:00",39,23.5,22.7,51,21.6,20.8,41,29.5,19.2,43,25.2,23.7,37,31.5,12.1,57,21.6,11.5,50,23.6,23,47,22.9,21.8,45,23.4,22.6,50,23.8,22.9
"2017-09-09 00:00:00",41,23.2,22.4,52,21.1,20.9,47,23.3,19.4,40,24.9,23.4,42,20.5,13.3,70,16.7,12.7,50,23.4,22.9,46,22.5,21.2,46,23.1,22.4,51,23.6,22.5
"2017-09-10 00:00:00",42,23,22,51,21.3,20.6,48,26.2,18.1,44,26.3,23.7,45,28.2,11.7,66,18.7,12,52,23.3,22.5,46,21.2,20.4,46,22.5,22,53,23.4,22.3
"2017-09-11 00:00:00",42,22.6,22,50,21,20.5,47,24,19.3,39,25.2,22.5,44,21.3,13.3,64,19.1,11.7,52,23.1,22.5,46,21.3,20.6,46,22.4,21.9,53,23.1,22.1
"2017-09-12 00:00:00",42,22.4,21.8,51,21,20.5,50,25.4,19.1,44,23.9,22.5,47,23.9,13,67,17.8,12.4,52,22.9,22.3,46,20.7,20.1,46,22,21.7,54,22.4,22
"2017-09-13 00:00:00",43,22.3,21.6,49,20.9,20.3,49,24.2,18.6,46,23.9,22.3,47,24.1,11.6,64,19.1,11.3,53,22.8,22.2,46,20.4,19.7,46,22,21.4,55,22.2,21.7
"2017-09-14 00:00:00",44,22,21.7,51,20.6,20.5,57,20.6,18.3,46,23.9,21.5,49,18.9,12.4,68,19.5,10.9,54,22.7,22.1,46,20.4,19.8,46,22.1,21.6,57,22.2,21.5
"2017-09-15 00:00:00",43,22.6,21.3,47,21.1,20.1,54,27.9,16.1,47,23.6,22.1,51,28.3,7,64,16.3,7.1,53,22.6,21.8,47,19.8,18.8,47,21.7,21,56,22.5,21.4
"2017-09-16 00:00:00",42,22.3,21.5,46,20.9,20,49,26.2,17.9,46,24.2,22.1,47,24.2,9.3,63,16.7,8.1,53,22.7,21.8,47,19.8,19.1,46,21.4,20.7,55,22.2,21.5
"2017-09-17 00:00:00",42,22.2,21.4,46,20.9,20,45,20.9,15,48,23.8,22.7,47,22.5,11.3,66,17.3,10.1,52,22.4,21.7,47,19.9,19.3,47,21.4,20.8,55,21.9,21.5
"2017-09-18 00:00:00",42,22.2,21.3,46,20.9,20.3,53,23.7,14.2,48,24.3,22.8,48,25.6,10.7,67,15.9,10.1,52,22.5,21.5,47,19.3,18.7,47,21.4,20.8,55,22.2,21.2
"2017-09-19 00:00:00",42.7984790874525,21.9,21.4,45.8669201520913,20.8,20.3,55.2357414448669,21.4,17.3,45.8365019011407,23.2,22,49.6045627376426,18,11.6,72.212927756654,14.1,10.1,52.2889733840304,22.5,21.6,47.3650190114068,19.3,18.8,47,21.3,20.8,56.212927756654,21.8,21.4